framework,tracker,status,input_kind,input_name,input_json,source_path,gt_mot,frames_dir,model_path,pred_mot,runtime_json,metrics_csv,metrics_json,sequence_name,dataset_name,dataset_split,tracking_frame_count,tracking_time_seconds,tracking_time_per_frame_ms,tracking_fps,tracking_timing_scope,tracking_includes_input_adaptation,tracking_includes_frame_io,tracking_includes_mot_writing,tracking_includes_rendering,tracking_includes_output_writes,tracking_includes_evaluation,tracking_includes_process_startup,num_frames,idf1,idp,idr,precision,recall,mota,motp,num_switches,num_false_positives,num_misses,mostly_tracked,mostly_lost,sequence_label
boxmot,boxmot_boosttrack,completed_cached,motchallenge_det,motchallenge_public_det,D:\AOC\agri-human-dataset-benchmark\2d-tracking\reports\runs\tracker_suite\_inputs\motchallenge\train\MOT20-01_motchallenge_det.json,D:\AOC\datasets\MOT20\train\MOT20-01\det\det.txt,D:\AOC\datasets\MOT20\train\MOT20-01\gt\gt.txt,D:\AOC\datasets\MOT20\train\MOT20-01\img1,,D:\AOC\agri-human-dataset-benchmark\2d-tracking\reports\runs\tracker_suite\MOT20-01_motchallenge_det\boxmot_boosttrack_tracks.txt,D:\AOC\agri-human-dataset-benchmark\2d-tracking\reports\summary\tracker_suite\MOT20-01_motchallenge_det\boxmot_boosttrack_runtime.json,D:\AOC\agri-human-dataset-benchmark\2d-tracking\reports\summary\tracker_suite\MOT20-01_motchallenge_det\boxmot_boosttrack_metrics.csv,D:\AOC\agri-human-dataset-benchmark\2d-tracking\reports\summary\tracker_suite\MOT20-01_motchallenge_det\boxmot_boosttrack_metrics.json,MOT20-01,MOT20,train,429,119.99295069996151,279.7038477854581,3.5752100227345904,"Per-frame tracking computation only; excludes frame disk I/O, MOT writing, rendering, rendered output writes, and MOT evaluation.",True,False,False,False,False,False,False,429,0.3373696199496463,0.8191344847661557,0.2124308002013085,0.87172520861634,0.2260694514343231,0.19169602415702058,0.06125758754236883,22,661,15378,5,46,sequence
boxmot,boxmot_botsort,completed_cached,motchallenge_det,motchallenge_public_det,D:\AOC\agri-human-dataset-benchmark\2d-tracking\reports\runs\tracker_suite\_inputs\motchallenge\train\MOT20-01_motchallenge_det.json,D:\AOC\datasets\MOT20\train\MOT20-01\det\det.txt,D:\AOC\datasets\MOT20\train\MOT20-01\gt\gt.txt,D:\AOC\datasets\MOT20\train\MOT20-01\img1,,D:\AOC\agri-human-dataset-benchmark\2d-tracking\reports\runs\tracker_suite\MOT20-01_motchallenge_det\boxmot_botsort_tracks.txt,D:\AOC\agri-human-dataset-benchmark\2d-tracking\reports\summary\tracker_suite\MOT20-01_motchallenge_det\boxmot_botsort_runtime.json,D:\AOC\agri-human-dataset-benchmark\2d-tracking\reports\summary\tracker_suite\MOT20-01_motchallenge_det\boxmot_botsort_metrics.csv,D:\AOC\agri-human-dataset-benchmark\2d-tracking\reports\summary\tracker_suite\MOT20-01_motchallenge_det\boxmot_botsort_metrics.json,MOT20-01,MOT20,train,429,99.3260787994659,231.52932121087622,4.31910738030974,"Per-frame tracking computation only; excludes frame disk I/O, MOT writing, rendering, rendered output writes, and MOT evaluation.",True,False,False,False,False,False,False,429,0.29194783688677295,0.8228704784130688,0.177453447408153,0.8970828471411902,0.19345747357825868,0.17010568696527428,0.05922339108192313,23,441,16026,4,50,sequence
boxmot,boxmot_bytetrack,completed_cached,motchallenge_det,motchallenge_public_det,D:\AOC\agri-human-dataset-benchmark\2d-tracking\reports\runs\tracker_suite\_inputs\motchallenge\train\MOT20-01_motchallenge_det.json,D:\AOC\datasets\MOT20\train\MOT20-01\det\det.txt,D:\AOC\datasets\MOT20\train\MOT20-01\gt\gt.txt,D:\AOC\datasets\MOT20\train\MOT20-01\img1,,D:\AOC\agri-human-dataset-benchmark\2d-tracking\reports\runs\tracker_suite\MOT20-01_motchallenge_det\boxmot_bytetrack_tracks.txt,D:\AOC\agri-human-dataset-benchmark\2d-tracking\reports\summary\tracker_suite\MOT20-01_motchallenge_det\boxmot_bytetrack_runtime.json,D:\AOC\agri-human-dataset-benchmark\2d-tracking\reports\summary\tracker_suite\MOT20-01_motchallenge_det\boxmot_bytetrack_metrics.csv,D:\AOC\agri-human-dataset-benchmark\2d-tracking\reports\summary\tracker_suite\MOT20-01_motchallenge_det\boxmot_bytetrack_metrics.json,MOT20-01,MOT20,train,429,1.0562162998539861,2.4620426570022986,406.1668050940948,"Per-frame tracking computation only; excludes frame disk I/O, MOT writing, rendering, rendered output writes, and MOT evaluation.",True,False,False,False,False,False,False,429,0.28,0.7899532710280374,0.17015601409159536,0.89696261682243,0.19320583794665325,0.1698037242073478,0.07418976393014161,24,441,16031,4,50,sequence
boxmot,boxmot_deepocsort,completed_cached,motchallenge_det,motchallenge_public_det,D:\AOC\agri-human-dataset-benchmark\2d-tracking\reports\runs\tracker_suite\_inputs\motchallenge\train\MOT20-01_motchallenge_det.json,D:\AOC\datasets\MOT20\train\MOT20-01\det\det.txt,D:\AOC\datasets\MOT20\train\MOT20-01\gt\gt.txt,D:\AOC\datasets\MOT20\train\MOT20-01\img1,,D:\AOC\agri-human-dataset-benchmark\2d-tracking\reports\runs\tracker_suite\MOT20-01_motchallenge_det\boxmot_deepocsort_tracks.txt,D:\AOC\agri-human-dataset-benchmark\2d-tracking\reports\summary\tracker_suite\MOT20-01_motchallenge_det\boxmot_deepocsort_runtime.json,D:\AOC\agri-human-dataset-benchmark\2d-tracking\reports\summary\tracker_suite\MOT20-01_motchallenge_det\boxmot_deepocsort_metrics.csv,D:\AOC\agri-human-dataset-benchmark\2d-tracking\reports\summary\tracker_suite\MOT20-01_motchallenge_det\boxmot_deepocsort_metrics.json,MOT20-01,MOT20,train,429,87.99661460035713,205.12031375374625,4.875187550661283,"Per-frame tracking computation only; excludes frame disk I/O, MOT writing, rendering, rendered output writes, and MOT evaluation.",True,False,False,False,False,False,False,429,0.2683319220999153,0.8450666666666666,0.15948666331152492,0.9013333333333333,0.17010568696527428,0.15052843482637146,0.05825481163070846,19,370,16490,2,54,sequence
boxmot,boxmot_ocsort,completed_cached,motchallenge_det,motchallenge_public_det,D:\AOC\agri-human-dataset-benchmark\2d-tracking\reports\runs\tracker_suite\_inputs\motchallenge\train\MOT20-01_motchallenge_det.json,D:\AOC\datasets\MOT20\train\MOT20-01\det\det.txt,D:\AOC\datasets\MOT20\train\MOT20-01\gt\gt.txt,D:\AOC\datasets\MOT20\train\MOT20-01\img1,,D:\AOC\agri-human-dataset-benchmark\2d-tracking\reports\runs\tracker_suite\MOT20-01_motchallenge_det\boxmot_ocsort_tracks.txt,D:\AOC\agri-human-dataset-benchmark\2d-tracking\reports\summary\tracker_suite\MOT20-01_motchallenge_det\boxmot_ocsort_runtime.json,D:\AOC\agri-human-dataset-benchmark\2d-tracking\reports\summary\tracker_suite\MOT20-01_motchallenge_det\boxmot_ocsort_metrics.csv,D:\AOC\agri-human-dataset-benchmark\2d-tracking\reports\summary\tracker_suite\MOT20-01_motchallenge_det\boxmot_ocsort_metrics.json,MOT20-01,MOT20,train,429,0.919488199375337,2.1433291360730466,466.56389966879965,"Per-frame tracking computation only; excludes frame disk I/O, MOT writing, rendering, rendered output writes, and MOT evaluation.",True,False,False,False,False,False,False,429,0.26636186605706547,0.8384861407249466,0.1583291394061399,0.9013859275053305,0.17020634121791645,0.15062908907901362,0.05823750917124249,19,370,16488,2,54,sequence
boxmot,boxmot_strongsort,completed_cached,motchallenge_det,motchallenge_public_det,D:\AOC\agri-human-dataset-benchmark\2d-tracking\reports\runs\tracker_suite\_inputs\motchallenge\train\MOT20-01_motchallenge_det.json,D:\AOC\datasets\MOT20\train\MOT20-01\det\det.txt,D:\AOC\datasets\MOT20\train\MOT20-01\gt\gt.txt,D:\AOC\datasets\MOT20\train\MOT20-01\img1,,D:\AOC\agri-human-dataset-benchmark\2d-tracking\reports\runs\tracker_suite\MOT20-01_motchallenge_det\boxmot_strongsort_tracks.txt,D:\AOC\agri-human-dataset-benchmark\2d-tracking\reports\summary\tracker_suite\MOT20-01_motchallenge_det\boxmot_strongsort_runtime.json,D:\AOC\agri-human-dataset-benchmark\2d-tracking\reports\summary\tracker_suite\MOT20-01_motchallenge_det\boxmot_strongsort_metrics.csv,D:\AOC\agri-human-dataset-benchmark\2d-tracking\reports\summary\tracker_suite\MOT20-01_motchallenge_det\boxmot_strongsort_metrics.json,MOT20-01,MOT20,train,429,83.78702839993639,195.30775850801024,5.1201242983851385,"Per-frame tracking computation only; excludes frame disk I/O, MOT writing, rendering, rendered output writes, and MOT evaluation.",True,False,False,False,False,False,False,429,0.27516443260344686,0.7960019267822736,0.16633115249119276,0.896917148362235,0.18741821841972822,0.16467035732259683,0.059436416925096124,24,428,16146,4,50,sequence
deepsort,deepsort,completed_cached,motchallenge_det,motchallenge_public_det,D:\AOC\agri-human-dataset-benchmark\2d-tracking\reports\runs\tracker_suite\_inputs\motchallenge\train\MOT20-01_motchallenge_det.json,D:\AOC\datasets\MOT20\train\MOT20-01\det\det.txt,D:\AOC\datasets\MOT20\train\MOT20-01\gt\gt.txt,D:\AOC\datasets\MOT20\train\MOT20-01\img1,reports\runs\tracker_suite\_weights\mars-small128.pb,D:\AOC\agri-human-dataset-benchmark\2d-tracking\reports\runs\tracker_suite\MOT20-01_motchallenge_det\deepsort_tracks.txt,D:\AOC\agri-human-dataset-benchmark\2d-tracking\reports\summary\tracker_suite\MOT20-01_motchallenge_det\deepsort_runtime.json,D:\AOC\agri-human-dataset-benchmark\2d-tracking\reports\summary\tracker_suite\MOT20-01_motchallenge_det\deepsort_metrics.csv,D:\AOC\agri-human-dataset-benchmark\2d-tracking\reports\summary\tracker_suite\MOT20-01_motchallenge_det\deepsort_metrics.json,MOT20-01,MOT20,train,429,8.503658200148493,19.822047086593223,50.44887622511788,"Per-frame tracking computation only; excludes frame disk I/O, MOT writing, rendering, rendered output writes, and MOT evaluation.",True,False,False,False,False,False,False,429,0.28207551045560986,0.7678371728919705,0.1727730246602919,0.8953254305524491,0.20145948666331154,0.17669854051333667,0.0752215620995942,24,468,15867,4,48,sequence
norfair,norfair,completed_cached,motchallenge_det,motchallenge_public_det,D:\AOC\agri-human-dataset-benchmark\2d-tracking\reports\runs\tracker_suite\_inputs\motchallenge\train\MOT20-01_motchallenge_det.json,D:\AOC\datasets\MOT20\train\MOT20-01\det\det.txt,D:\AOC\datasets\MOT20\train\MOT20-01\gt\gt.txt,D:\AOC\datasets\MOT20\train\MOT20-01\img1,,D:\AOC\agri-human-dataset-benchmark\2d-tracking\reports\runs\tracker_suite\MOT20-01_motchallenge_det\norfair_tracks.txt,D:\AOC\agri-human-dataset-benchmark\2d-tracking\reports\summary\tracker_suite\MOT20-01_motchallenge_det\norfair_runtime.json,D:\AOC\agri-human-dataset-benchmark\2d-tracking\reports\summary\tracker_suite\MOT20-01_motchallenge_det\norfair_metrics.csv,D:\AOC\agri-human-dataset-benchmark\2d-tracking\reports\summary\tracker_suite\MOT20-01_motchallenge_det\norfair_metrics.json,MOT20-01,MOT20,train,429,1.05518670057063,2.459642658672797,406.56312268530576,"Per-frame tracking computation only; excludes frame disk I/O, MOT writing, rendering, rendered output writes, and MOT evaluation.",True,False,False,False,False,False,False,429,0.5299310095502063,0.6601366058695489,0.44262707599396073,0.8938677475043159,0.5993457473578259,0.5231504781077001,0.10691264389141131,100,1414,7961,20,12,sequence
boxmot,boxmot_boosttrack,completed_cached,motchallenge_det,motchallenge_public_det,D:\AOC\agri-human-dataset-benchmark\2d-tracking\reports\runs\tracker_suite\_inputs\motchallenge\train\MOT20-02_motchallenge_det.json,D:\AOC\datasets\MOT20\train\MOT20-02\det\det.txt,D:\AOC\datasets\MOT20\train\MOT20-02\gt\gt.txt,D:\AOC\datasets\MOT20\train\MOT20-02\img1,,D:\AOC\agri-human-dataset-benchmark\2d-tracking\reports\runs\tracker_suite\MOT20-02_motchallenge_det\boxmot_boosttrack_tracks.txt,D:\AOC\agri-human-dataset-benchmark\2d-tracking\reports\summary\tracker_suite\MOT20-02_motchallenge_det\boxmot_boosttrack_runtime.json,D:\AOC\agri-human-dataset-benchmark\2d-tracking\reports\summary\tracker_suite\MOT20-02_motchallenge_det\boxmot_boosttrack_metrics.csv,D:\AOC\agri-human-dataset-benchmark\2d-tracking\reports\summary\tracker_suite\MOT20-02_motchallenge_det\boxmot_boosttrack_metrics.json,MOT20-02,MOT20,train,2782,987.1504769994353,354.8348227891572,2.818212688764766,"Per-frame tracking computation only; excludes frame disk I/O, MOT writing, rendering, rendered output writes, and MOT evaluation.",True,False,False,False,False,False,False,2782,0.3377828201948805,0.7567537170749263,0.21741350118261363,0.8791191488404526,0.25256879192462295,0.2167155652634708,0.06014134897568616,174,5374,115659,11,141,sequence
boxmot,boxmot_botsort,completed,motchallenge_det,motchallenge_public_det,D:\AOC\agri-human-dataset-benchmark\2d-tracking\reports\runs\tracker_suite\_inputs\motchallenge\train\MOT20-02_motchallenge_det.json,D:\AOC\datasets\MOT20\train\MOT20-02\det\det.txt,D:\AOC\datasets\MOT20\train\MOT20-02\gt\gt.txt,D:\AOC\datasets\MOT20\train\MOT20-02\img1,,D:\AOC\agri-human-dataset-benchmark\2d-tracking\reports\runs\tracker_suite\MOT20-02_motchallenge_det\boxmot_botsort_tracks.txt,D:\AOC\agri-human-dataset-benchmark\2d-tracking\reports\summary\tracker_suite\MOT20-02_motchallenge_det\boxmot_botsort_runtime.json,D:\AOC\agri-human-dataset-benchmark\2d-tracking\reports\summary\tracker_suite\MOT20-02_motchallenge_det\boxmot_botsort_metrics.csv,D:\AOC\agri-human-dataset-benchmark\2d-tracking\reports\summary\tracker_suite\MOT20-02_motchallenge_det\boxmot_botsort_metrics.json,MOT20-02,MOT20,train,2782,614.9402505000027,221.04250557153222,4.524016760551906,"Per-frame tracking computation only; excludes frame disk I/O, MOT writing, rendering, rendered output writes, and MOT evaluation.",True,False,False,False,False,False,False,2782,0.27742975323002134,0.7192427315753888,0.17186025771930052,0.891710615280595,0.21307078879683602,0.1859999224515645,0.05887749906350957,185,4004,121771,8,157,sequence
boxmot,boxmot_bytetrack,completed,motchallenge_det,motchallenge_public_det,D:\AOC\agri-human-dataset-benchmark\2d-tracking\reports\runs\tracker_suite\_inputs\motchallenge\train\MOT20-02_motchallenge_det.json,D:\AOC\datasets\MOT20\train\MOT20-02\det\det.txt,D:\AOC\datasets\MOT20\train\MOT20-02\gt\gt.txt,D:\AOC\datasets\MOT20\train\MOT20-02\img1,,D:\AOC\agri-human-dataset-benchmark\2d-tracking\reports\runs\tracker_suite\MOT20-02_motchallenge_det\boxmot_bytetrack_tracks.txt,D:\AOC\agri-human-dataset-benchmark\2d-tracking\reports\summary\tracker_suite\MOT20-02_motchallenge_det\boxmot_bytetrack_runtime.json,D:\AOC\agri-human-dataset-benchmark\2d-tracking\reports\summary\tracker_suite\MOT20-02_motchallenge_det\boxmot_bytetrack_metrics.csv,D:\AOC\agri-human-dataset-benchmark\2d-tracking\reports\summary\tracker_suite\MOT20-02_motchallenge_det\boxmot_bytetrack_metrics.json,MOT20-02,MOT20,train,2782,6.095091400003298,2.190902731848777,456.43286005497714,"Per-frame tracking computation only; excludes frame disk I/O, MOT writing, rendering, rendered output writes, and MOT evaluation.",True,False,False,False,False,False,False,2782,0.27562066033355764,0.7149584562505075,0.17071641829626089,0.8916344150044656,0.212902767186672,0.18573496529707512,0.07362346136065759,200,4004,121797,8,157,sequence
boxmot,boxmot_deepocsort,completed,motchallenge_det,motchallenge_public_det,D:\AOC\agri-human-dataset-benchmark\2d-tracking\reports\runs\tracker_suite\_inputs\motchallenge\train\MOT20-02_motchallenge_det.json,D:\AOC\datasets\MOT20\train\MOT20-02\det\det.txt,D:\AOC\datasets\MOT20\train\MOT20-02\gt\gt.txt,D:\AOC\datasets\MOT20\train\MOT20-02\img1,,D:\AOC\agri-human-dataset-benchmark\2d-tracking\reports\runs\tracker_suite\MOT20-02_motchallenge_det\boxmot_deepocsort_tracks.txt,D:\AOC\agri-human-dataset-benchmark\2d-tracking\reports\summary\tracker_suite\MOT20-02_motchallenge_det\boxmot_deepocsort_runtime.json,D:\AOC\agri-human-dataset-benchmark\2d-tracking\reports\summary\tracker_suite\MOT20-02_motchallenge_det\boxmot_deepocsort_metrics.csv,D:\AOC\agri-human-dataset-benchmark\2d-tracking\reports\summary\tracker_suite\MOT20-02_motchallenge_det\boxmot_deepocsort_metrics.json,MOT20-02,MOT20,train,2782,574.8845115000004,206.64432476635528,4.839232827374579,"Per-frame tracking computation only; excludes frame disk I/O, MOT writing, rendering, rendered output writes, and MOT evaluation.",True,False,False,False,False,False,False,2782,0.2696466889035246,0.7569630822448857,0.1640407904770521,0.8945547802230572,0.1938581639115431,0.1700960308125784,0.05838349771046786,141,3536,124744,6,166,sequence
boxmot,boxmot_ocsort,completed,motchallenge_det,motchallenge_public_det,D:\AOC\agri-human-dataset-benchmark\2d-tracking\reports\runs\tracker_suite\_inputs\motchallenge\train\MOT20-02_motchallenge_det.json,D:\AOC\datasets\MOT20\train\MOT20-02\det\det.txt,D:\AOC\datasets\MOT20\train\MOT20-02\gt\gt.txt,D:\AOC\datasets\MOT20\train\MOT20-02\img1,,D:\AOC\agri-human-dataset-benchmark\2d-tracking\reports\runs\tracker_suite\MOT20-02_motchallenge_det\boxmot_ocsort_tracks.txt,D:\AOC\agri-human-dataset-benchmark\2d-tracking\reports\summary\tracker_suite\MOT20-02_motchallenge_det\boxmot_ocsort_runtime.json,D:\AOC\agri-human-dataset-benchmark\2d-tracking\reports\summary\tracker_suite\MOT20-02_motchallenge_det\boxmot_ocsort_metrics.csv,D:\AOC\agri-human-dataset-benchmark\2d-tracking\reports\summary\tracker_suite\MOT20-02_motchallenge_det\boxmot_ocsort_metrics.json,MOT20-02,MOT20,train,2782,11.878295100000742,4.269696297627872,234.20869548861657,"Per-frame tracking computation only; excludes frame disk I/O, MOT writing, rendering, rendered output writes, and MOT evaluation.",True,False,False,False,False,False,False,2782,0.2703251060936811,0.7588489637691964,0.16445438213284047,0.8945579245564336,0.19386462628116477,0.17012834266068677,0.05835931717673854,137,3536,124743,6,166,sequence
boxmot,boxmot_strongsort,completed,motchallenge_det,motchallenge_public_det,D:\AOC\agri-human-dataset-benchmark\2d-tracking\reports\runs\tracker_suite\_inputs\motchallenge\train\MOT20-02_motchallenge_det.json,D:\AOC\datasets\MOT20\train\MOT20-02\det\det.txt,D:\AOC\datasets\MOT20\train\MOT20-02\gt\gt.txt,D:\AOC\datasets\MOT20\train\MOT20-02\img1,,D:\AOC\agri-human-dataset-benchmark\2d-tracking\reports\runs\tracker_suite\MOT20-02_motchallenge_det\boxmot_strongsort_tracks.txt,D:\AOC\agri-human-dataset-benchmark\2d-tracking\reports\summary\tracker_suite\MOT20-02_motchallenge_det\boxmot_strongsort_runtime.json,D:\AOC\agri-human-dataset-benchmark\2d-tracking\reports\summary\tracker_suite\MOT20-02_motchallenge_det\boxmot_strongsort_metrics.csv,D:\AOC\agri-human-dataset-benchmark\2d-tracking\reports\summary\tracker_suite\MOT20-02_motchallenge_det\boxmot_strongsort_metrics.json,MOT20-02,MOT20,train,2782,788.5882863999946,283.4609225017953,3.5278231340465154,"Per-frame tracking computation only; excludes frame disk I/O, MOT writing, rendering, rendered output writes, and MOT evaluation.",True,False,False,False,False,False,False,2782,0.28855559861330765,0.7607411089021427,0.1780447454472606,0.890462778882262,0.20840495792997377,0.1816055111088134,0.058956168170111775,180,3967,122493,8,159,sequence
deepsort,deepsort,completed,motchallenge_det,motchallenge_public_det,D:\AOC\agri-human-dataset-benchmark\2d-tracking\reports\runs\tracker_suite\_inputs\motchallenge\train\MOT20-02_motchallenge_det.json,D:\AOC\datasets\MOT20\train\MOT20-02\det\det.txt,D:\AOC\datasets\MOT20\train\MOT20-02\gt\gt.txt,D:\AOC\datasets\MOT20\train\MOT20-02\img1,reports\runs\tracker_suite\_weights\mars-small128.pb,D:\AOC\agri-human-dataset-benchmark\2d-tracking\reports\runs\tracker_suite\MOT20-02_motchallenge_det\deepsort_tracks.txt,D:\AOC\agri-human-dataset-benchmark\2d-tracking\reports\summary\tracker_suite\MOT20-02_motchallenge_det\deepsort_runtime.json,D:\AOC\agri-human-dataset-benchmark\2d-tracking\reports\summary\tracker_suite\MOT20-02_motchallenge_det\deepsort_metrics.csv,D:\AOC\agri-human-dataset-benchmark\2d-tracking\reports\summary\tracker_suite\MOT20-02_motchallenge_det\deepsort_metrics.json,MOT20-02,MOT20,train,2782,136.12288880000597,48.929866570814504,20.437415224763274,"Per-frame tracking computation only; excludes frame disk I/O, MOT writing, rendering, rendered output writes, and MOT evaluation.",True,False,False,False,False,False,False,2782,0.27841818681062486,0.7019881390913604,0.17364387173488774,0.8899339028659509,0.22013415879334636,0.19158340980470723,0.07419913025490542,205,4213,120678,10,156,sequence
norfair,norfair,completed,motchallenge_det,motchallenge_public_det,D:\AOC\agri-human-dataset-benchmark\2d-tracking\reports\runs\tracker_suite\_inputs\motchallenge\train\MOT20-02_motchallenge_det.json,D:\AOC\datasets\MOT20\train\MOT20-02\det\det.txt,D:\AOC\datasets\MOT20\train\MOT20-02\gt\gt.txt,D:\AOC\datasets\MOT20\train\MOT20-02\img1,,D:\AOC\agri-human-dataset-benchmark\2d-tracking\reports\runs\tracker_suite\MOT20-02_motchallenge_det\norfair_tracks.txt,D:\AOC\agri-human-dataset-benchmark\2d-tracking\reports\summary\tracker_suite\MOT20-02_motchallenge_det\norfair_runtime.json,D:\AOC\agri-human-dataset-benchmark\2d-tracking\reports\summary\tracker_suite\MOT20-02_motchallenge_det\norfair_metrics.csv,D:\AOC\agri-human-dataset-benchmark\2d-tracking\reports\summary\tracker_suite\MOT20-02_motchallenge_det\norfair_metrics.json,MOT20-02,MOT20,train,2782,7.02198359999511,2.5240774982009744,396.18434882159755,"Per-frame tracking computation only; excludes frame disk I/O, MOT writing, rendering, rendered output writes, and MOT evaluation.",True,False,False,False,False,False,False,2782,0.43684443258187494,0.5694685348095678,0.35432526398779907,0.8954414682024491,0.5571467345646302,0.4876051750655931,0.09789313187969108,694,10067,68528,80,29,sequence
boxmot,boxmot_boosttrack,completed,motchallenge_det,motchallenge_public_det,D:\AOC\agri-human-dataset-benchmark\2d-tracking\reports\runs\tracker_suite\_inputs\motchallenge\train\MOT20-03_motchallenge_det.json,D:\AOC\datasets\MOT20\train\MOT20-03\det\det.txt,D:\AOC\datasets\MOT20\train\MOT20-03\gt\gt.txt,D:\AOC\datasets\MOT20\train\MOT20-03\img1,,D:\AOC\agri-human-dataset-benchmark\2d-tracking\reports\runs\tracker_suite\MOT20-03_motchallenge_det\boxmot_boosttrack_tracks.txt,D:\AOC\agri-human-dataset-benchmark\2d-tracking\reports\summary\tracker_suite\MOT20-03_motchallenge_det\boxmot_boosttrack_runtime.json,D:\AOC\agri-human-dataset-benchmark\2d-tracking\reports\summary\tracker_suite\MOT20-03_motchallenge_det\boxmot_boosttrack_metrics.csv,D:\AOC\agri-human-dataset-benchmark\2d-tracking\reports\summary\tracker_suite\MOT20-03_motchallenge_det\boxmot_boosttrack_metrics.json,MOT20-03,MOT20,train,2405,501.8263632999997,208.65961051975037,4.792494328485993,"Per-frame tracking computation only; excludes frame disk I/O, MOT writing, rendering, rendered output writes, and MOT evaluation.",True,False,False,False,False,False,False,2405,0.05067238235230806,0.7146326654523376,0.02626746328803984,0.8090033827738746,0.029736209502069132,0.022368311983115396,0.08986676222111259,109,2202,304331,0,683,sequence
boxmot,boxmot_botsort,completed,motchallenge_det,motchallenge_public_det,D:\AOC\agri-human-dataset-benchmark\2d-tracking\reports\runs\tracker_suite\_inputs\motchallenge\train\MOT20-03_motchallenge_det.json,D:\AOC\datasets\MOT20\train\MOT20-03\det\det.txt,D:\AOC\datasets\MOT20\train\MOT20-03\gt\gt.txt,D:\AOC\datasets\MOT20\train\MOT20-03\img1,,D:\AOC\agri-human-dataset-benchmark\2d-tracking\reports\runs\tracker_suite\MOT20-03_motchallenge_det\boxmot_botsort_tracks.txt,D:\AOC\agri-human-dataset-benchmark\2d-tracking\reports\summary\tracker_suite\MOT20-03_motchallenge_det\boxmot_botsort_runtime.json,D:\AOC\agri-human-dataset-benchmark\2d-tracking\reports\summary\tracker_suite\MOT20-03_motchallenge_det\boxmot_botsort_metrics.csv,D:\AOC\agri-human-dataset-benchmark\2d-tracking\reports\summary\tracker_suite\MOT20-03_motchallenge_det\boxmot_botsort_metrics.json,MOT20-03,MOT20,train,2405,131.7813274999976,54.79473076922977,18.249929983442033,"Per-frame tracking computation only; excludes frame disk I/O, MOT writing, rendering, rendered output writes, and MOT evaluation.",True,False,False,False,False,False,False,2405,0.007397593721870761,0.6308108108108108,0.003720612896849435,0.7832432432432432,0.004619681308941586,0.003280643248378845,0.07993200183568609,19,401,312209,0,699,sequence
boxmot,boxmot_bytetrack,completed,motchallenge_det,motchallenge_public_det,D:\AOC\agri-human-dataset-benchmark\2d-tracking\reports\runs\tracker_suite\_inputs\motchallenge\train\MOT20-03_motchallenge_det.json,D:\AOC\datasets\MOT20\train\MOT20-03\det\det.txt,D:\AOC\datasets\MOT20\train\MOT20-03\gt\gt.txt,D:\AOC\datasets\MOT20\train\MOT20-03\img1,,D:\AOC\agri-human-dataset-benchmark\2d-tracking\reports\runs\tracker_suite\MOT20-03_motchallenge_det\boxmot_bytetrack_tracks.txt,D:\AOC\agri-human-dataset-benchmark\2d-tracking\reports\summary\tracker_suite\MOT20-03_motchallenge_det\boxmot_bytetrack_runtime.json,D:\AOC\agri-human-dataset-benchmark\2d-tracking\reports\summary\tracker_suite\MOT20-03_motchallenge_det\boxmot_bytetrack_metrics.csv,D:\AOC\agri-human-dataset-benchmark\2d-tracking\reports\summary\tracker_suite\MOT20-03_motchallenge_det\boxmot_bytetrack_metrics.json,MOT20-03,MOT20,train,2405,1.476839600011317,0.6140705197552254,1628.477459557267,"Per-frame tracking computation only; excludes frame disk I/O, MOT writing, rendering, rendered output writes, and MOT evaluation.",True,False,False,False,False,False,False,2405,0.007435580488732528,0.6333693304535637,0.0037397420120003316,0.7780777537796977,0.004594175822073724,0.0032232559029261587,0.09392684928941647,19,411,312217,0,700,sequence
boxmot,boxmot_deepocsort,completed,motchallenge_det,motchallenge_public_det,D:\AOC\agri-human-dataset-benchmark\2d-tracking\reports\runs\tracker_suite\_inputs\motchallenge\train\MOT20-03_motchallenge_det.json,D:\AOC\datasets\MOT20\train\MOT20-03\det\det.txt,D:\AOC\datasets\MOT20\train\MOT20-03\gt\gt.txt,D:\AOC\datasets\MOT20\train\MOT20-03\img1,,D:\AOC\agri-human-dataset-benchmark\2d-tracking\reports\runs\tracker_suite\MOT20-03_motchallenge_det\boxmot_deepocsort_tracks.txt,D:\AOC\agri-human-dataset-benchmark\2d-tracking\reports\summary\tracker_suite\MOT20-03_motchallenge_det\boxmot_deepocsort_runtime.json,D:\AOC\agri-human-dataset-benchmark\2d-tracking\reports\summary\tracker_suite\MOT20-03_motchallenge_det\boxmot_deepocsort_metrics.csv,D:\AOC\agri-human-dataset-benchmark\2d-tracking\reports\summary\tracker_suite\MOT20-03_motchallenge_det\boxmot_deepocsort_metrics.json,MOT20-03,MOT20,train,2405,65.32535670001516,27.162310478176785,36.81571936980241,"Per-frame tracking computation only; excludes frame disk I/O, MOT writing, rendering, rendered output writes, and MOT evaluation.",True,False,False,False,False,False,False,2405,0.0044092327045623485,0.6109154929577465,0.0022126009857870673,0.7570422535211268,0.0027418398382952134,0.0018204541251937156,0.07820222789849407,13,276,312798,0,701,sequence
boxmot,boxmot_ocsort,completed,motchallenge_det,motchallenge_public_det,D:\AOC\agri-human-dataset-benchmark\2d-tracking\reports\runs\tracker_suite\_inputs\motchallenge\train\MOT20-03_motchallenge_det.json,D:\AOC\datasets\MOT20\train\MOT20-03\det\det.txt,D:\AOC\datasets\MOT20\train\MOT20-03\gt\gt.txt,D:\AOC\datasets\MOT20\train\MOT20-03\img1,,D:\AOC\agri-human-dataset-benchmark\2d-tracking\reports\runs\tracker_suite\MOT20-03_motchallenge_det\boxmot_ocsort_tracks.txt,D:\AOC\agri-human-dataset-benchmark\2d-tracking\reports\summary\tracker_suite\MOT20-03_motchallenge_det\boxmot_ocsort_runtime.json,D:\AOC\agri-human-dataset-benchmark\2d-tracking\reports\summary\tracker_suite\MOT20-03_motchallenge_det\boxmot_ocsort_metrics.csv,D:\AOC\agri-human-dataset-benchmark\2d-tracking\reports\summary\tracker_suite\MOT20-03_motchallenge_det\boxmot_ocsort_metrics.json,MOT20-03,MOT20,train,2405,1.8419574999948054,0.7658866943845345,1305.676162455856,"Per-frame tracking computation only; excludes frame disk I/O, MOT writing, rendering, rendered output writes, and MOT evaluation.",True,False,False,False,False,False,False,2405,0.004396553914966073,0.6102292768959435,0.0022062246140701017,0.7566137566137566,0.0027354634665782474,0.0018140777534767505,0.07818541836124547,13,276,312800,0,701,sequence
boxmot,boxmot_strongsort,completed,motchallenge_det,motchallenge_public_det,D:\AOC\agri-human-dataset-benchmark\2d-tracking\reports\runs\tracker_suite\_inputs\motchallenge\train\MOT20-03_motchallenge_det.json,D:\AOC\datasets\MOT20\train\MOT20-03\det\det.txt,D:\AOC\datasets\MOT20\train\MOT20-03\gt\gt.txt,D:\AOC\datasets\MOT20\train\MOT20-03\img1,,D:\AOC\agri-human-dataset-benchmark\2d-tracking\reports\runs\tracker_suite\MOT20-03_motchallenge_det\boxmot_strongsort_tracks.txt,D:\AOC\agri-human-dataset-benchmark\2d-tracking\reports\summary\tracker_suite\MOT20-03_motchallenge_det\boxmot_strongsort_runtime.json,D:\AOC\agri-human-dataset-benchmark\2d-tracking\reports\summary\tracker_suite\MOT20-03_motchallenge_det\boxmot_strongsort_metrics.csv,D:\AOC\agri-human-dataset-benchmark\2d-tracking\reports\summary\tracker_suite\MOT20-03_motchallenge_det\boxmot_strongsort_metrics.json,MOT20-03,MOT20,train,2405,131.01839520000112,54.477503201663666,18.356201022984134,"Per-frame tracking computation only; excludes frame disk I/O, MOT writing, rendering, rendered output writes, and MOT evaluation.",True,False,False,False,False,False,False,2405,0.006691232899301702,0.6279761904761905,0.0033635360806993603,0.7678571428571429,0.00411275975744282,0.0028247326706157816,0.08004137526711162,14,390,312368,0,699,sequence
deepsort,deepsort,completed,motchallenge_det,motchallenge_public_det,D:\AOC\agri-human-dataset-benchmark\2d-tracking\reports\runs\tracker_suite\_inputs\motchallenge\train\MOT20-03_motchallenge_det.json,D:\AOC\datasets\MOT20\train\MOT20-03\det\det.txt,D:\AOC\datasets\MOT20\train\MOT20-03\gt\gt.txt,D:\AOC\datasets\MOT20\train\MOT20-03\img1,reports\runs\tracker_suite\_weights\mars-small128.pb,D:\AOC\agri-human-dataset-benchmark\2d-tracking\reports\runs\tracker_suite\MOT20-03_motchallenge_det\deepsort_tracks.txt,D:\AOC\agri-human-dataset-benchmark\2d-tracking\reports\summary\tracker_suite\MOT20-03_motchallenge_det\deepsort_runtime.json,D:\AOC\agri-human-dataset-benchmark\2d-tracking\reports\summary\tracker_suite\MOT20-03_motchallenge_det\deepsort_metrics.csv,D:\AOC\agri-human-dataset-benchmark\2d-tracking\reports\summary\tracker_suite\MOT20-03_motchallenge_det\deepsort_metrics.json,MOT20-03,MOT20,train,2405,11.408497199985959,4.743657879412041,210.80778281673767,"Per-frame tracking computation only; excludes frame disk I/O, MOT writing, rendering, rendered output writes, and MOT evaluation.",True,False,False,False,False,False,False,2405,0.00805018858722674,0.6020843202273803,0.004052184226131647,0.7783041212695405,0.005238189365487251,0.0036951074099815795,0.09225754734972519,16,468,312015,0,699,sequence
norfair,norfair,completed,motchallenge_det,motchallenge_public_det,D:\AOC\agri-human-dataset-benchmark\2d-tracking\reports\runs\tracker_suite\_inputs\motchallenge\train\MOT20-03_motchallenge_det.json,D:\AOC\datasets\MOT20\train\MOT20-03\det\det.txt,D:\AOC\datasets\MOT20\train\MOT20-03\gt\gt.txt,D:\AOC\datasets\MOT20\train\MOT20-03\img1,,D:\AOC\agri-human-dataset-benchmark\2d-tracking\reports\runs\tracker_suite\MOT20-03_motchallenge_det\norfair_tracks.txt,D:\AOC\agri-human-dataset-benchmark\2d-tracking\reports\summary\tracker_suite\MOT20-03_motchallenge_det\norfair_runtime.json,D:\AOC\agri-human-dataset-benchmark\2d-tracking\reports\summary\tracker_suite\MOT20-03_motchallenge_det\norfair_metrics.csv,D:\AOC\agri-human-dataset-benchmark\2d-tracking\reports\summary\tracker_suite\MOT20-03_motchallenge_det\norfair_metrics.json,MOT20-03,MOT20,train,2405,13.572092000008979,5.643281496885231,177.20186394244962,"Per-frame tracking computation only; excludes frame disk I/O, MOT writing, rendering, rendered output writes, and MOT evaluation.",True,False,False,False,False,False,False,2405,0.4790738635580047,0.6269925172628963,0.38762601304605654,0.9165553624563593,0.566642648999866,0.5098036715148346,0.1561816561705637,1647,16181,135926,131,149,sequence
boxmot,boxmot_boosttrack,completed,motchallenge_det,motchallenge_public_det,D:\AOC\agri-human-dataset-benchmark\2d-tracking\reports\runs\tracker_suite\_inputs\motchallenge\train\MOT20-05_motchallenge_det.json,D:\AOC\datasets\MOT20\train\MOT20-05\det\det.txt,D:\AOC\datasets\MOT20\train\MOT20-05\gt\gt.txt,D:\AOC\datasets\MOT20\train\MOT20-05\img1,,D:\AOC\agri-human-dataset-benchmark\2d-tracking\reports\runs\tracker_suite\MOT20-05_motchallenge_det\boxmot_boosttrack_tracks.txt,D:\AOC\agri-human-dataset-benchmark\2d-tracking\reports\summary\tracker_suite\MOT20-05_motchallenge_det\boxmot_boosttrack_runtime.json,D:\AOC\agri-human-dataset-benchmark\2d-tracking\reports\summary\tracker_suite\MOT20-05_motchallenge_det\boxmot_boosttrack_metrics.csv,D:\AOC\agri-human-dataset-benchmark\2d-tracking\reports\summary\tracker_suite\MOT20-05_motchallenge_det\boxmot_boosttrack_metrics.json,MOT20-05,MOT20,train,3315,880.4639255999746,265.5999775565534,3.765060559114968,"Per-frame tracking computation only; excludes frame disk I/O, MOT writing, rendering, rendered output writes, and MOT evaluation.",True,False,False,False,False,False,False,3315,0.05651623540830437,0.5117264016094023,0.029909769410716276,0.7186722431044523,0.04200549552560247,0.024955751117052172,0.08925839255348822,392,10628,619194,0,1138,sequence
boxmot,boxmot_botsort,completed,motchallenge_det,motchallenge_public_det,D:\AOC\agri-human-dataset-benchmark\2d-tracking\reports\runs\tracker_suite\_inputs\motchallenge\train\MOT20-05_motchallenge_det.json,D:\AOC\datasets\MOT20\train\MOT20-05\det\det.txt,D:\AOC\datasets\MOT20\train\MOT20-05\gt\gt.txt,D:\AOC\datasets\MOT20\train\MOT20-05\img1,,D:\AOC\agri-human-dataset-benchmark\2d-tracking\reports\runs\tracker_suite\MOT20-05_motchallenge_det\boxmot_botsort_tracks.txt,D:\AOC\agri-human-dataset-benchmark\2d-tracking\reports\summary\tracker_suite\MOT20-05_motchallenge_det\boxmot_botsort_runtime.json,D:\AOC\agri-human-dataset-benchmark\2d-tracking\reports\summary\tracker_suite\MOT20-05_motchallenge_det\boxmot_botsort_metrics.csv,D:\AOC\agri-human-dataset-benchmark\2d-tracking\reports\summary\tracker_suite\MOT20-05_motchallenge_det\boxmot_botsort_metrics.json,MOT20-05,MOT20,train,3315,163.80402409998987,49.412978612364974,20.237598057886814,"Per-frame tracking computation only; excludes frame disk I/O, MOT writing, rendering, rendered output writes, and MOT evaluation.",True,False,False,False,False,False,False,3315,0.0070727278323227975,0.6611047180667434,0.003555382273216739,0.7589182968929804,0.004081417944623915,0.0027322911638384406,0.07645845647983893,34,838,643706,0,1167,sequence
boxmot,boxmot_bytetrack,completed,motchallenge_det,motchallenge_public_det,D:\AOC\agri-human-dataset-benchmark\2d-tracking\reports\runs\tracker_suite\_inputs\motchallenge\train\MOT20-05_motchallenge_det.json,D:\AOC\datasets\MOT20\train\MOT20-05\det\det.txt,D:\AOC\datasets\MOT20\train\MOT20-05\gt\gt.txt,D:\AOC\datasets\MOT20\train\MOT20-05\img1,,D:\AOC\agri-human-dataset-benchmark\2d-tracking\reports\runs\tracker_suite\MOT20-05_motchallenge_det\boxmot_bytetrack_tracks.txt,D:\AOC\agri-human-dataset-benchmark\2d-tracking\reports\summary\tracker_suite\MOT20-05_motchallenge_det\boxmot_bytetrack_runtime.json,D:\AOC\agri-human-dataset-benchmark\2d-tracking\reports\summary\tracker_suite\MOT20-05_motchallenge_det\boxmot_bytetrack_metrics.csv,D:\AOC\agri-human-dataset-benchmark\2d-tracking\reports\summary\tracker_suite\MOT20-05_motchallenge_det\boxmot_bytetrack_metrics.json,MOT20-05,MOT20,train,3315,3.159767499971167,0.9531726998404727,1049.1278234965862,"Per-frame tracking computation only; excludes frame disk I/O, MOT writing, rendering, rendered output writes, and MOT evaluation.",True,False,False,False,False,False,False,3315,0.006912821807090413,0.6485706035229569,0.00347492975876623,0.7551256136298008,0.004045833178616959,0.0026688574505217,0.0995314971557778,42,848,643729,0,1167,sequence
boxmot,boxmot_deepocsort,completed,motchallenge_det,motchallenge_public_det,D:\AOC\agri-human-dataset-benchmark\2d-tracking\reports\runs\tracker_suite\_inputs\motchallenge\train\MOT20-05_motchallenge_det.json,D:\AOC\datasets\MOT20\train\MOT20-05\det\det.txt,D:\AOC\datasets\MOT20\train\MOT20-05\gt\gt.txt,D:\AOC\datasets\MOT20\train\MOT20-05\img1,,D:\AOC\agri-human-dataset-benchmark\2d-tracking\reports\runs\tracker_suite\MOT20-05_motchallenge_det\boxmot_deepocsort_tracks.txt,D:\AOC\agri-human-dataset-benchmark\2d-tracking\reports\summary\tracker_suite\MOT20-05_motchallenge_det\boxmot_deepocsort_runtime.json,D:\AOC\agri-human-dataset-benchmark\2d-tracking\reports\summary\tracker_suite\MOT20-05_motchallenge_det\boxmot_deepocsort_metrics.csv,D:\AOC\agri-human-dataset-benchmark\2d-tracking\reports\summary\tracker_suite\MOT20-05_motchallenge_det\boxmot_deepocsort_metrics.json,MOT20-05,MOT20,train,3315,171.23989249995884,51.65607616891669,19.35880682709957,"Per-frame tracking computation only; excludes frame disk I/O, MOT writing, rendering, rendered output writes, and MOT evaluation.",True,False,False,False,False,False,False,3315,0.004950899469920819,0.661722290894108,0.002484744965529192,0.7358879274824887,0.002763234438627109,0.0017359177156436312,0.07477711223391922,23,641,644558,0,1168,sequence
boxmot,boxmot_ocsort,completed,motchallenge_det,motchallenge_public_det,D:\AOC\agri-human-dataset-benchmark\2d-tracking\reports\runs\tracker_suite\_inputs\motchallenge\train\MOT20-05_motchallenge_det.json,D:\AOC\datasets\MOT20\train\MOT20-05\det\det.txt,D:\AOC\datasets\MOT20\train\MOT20-05\gt\gt.txt,D:\AOC\datasets\MOT20\train\MOT20-05\img1,,D:\AOC\agri-human-dataset-benchmark\2d-tracking\reports\runs\tracker_suite\MOT20-05_motchallenge_det\boxmot_ocsort_tracks.txt,D:\AOC\agri-human-dataset-benchmark\2d-tracking\reports\summary\tracker_suite\MOT20-05_motchallenge_det\boxmot_ocsort_runtime.json,D:\AOC\agri-human-dataset-benchmark\2d-tracking\reports\summary\tracker_suite\MOT20-05_motchallenge_det\boxmot_ocsort_metrics.csv,D:\AOC\agri-human-dataset-benchmark\2d-tracking\reports\summary\tracker_suite\MOT20-05_motchallenge_det\boxmot_ocsort_metrics.json,MOT20-05,MOT20,train,3315,3.281859800012171,0.9900029562630983,1010.0979938228031,"Per-frame tracking computation only; excludes frame disk I/O, MOT writing, rendering, rendered output writes, and MOT evaluation.",True,False,False,False,False,False,False,3315,0.004950891838735334,0.6614497528830313,0.002484744965529192,0.7355848434925865,0.002763234438627109,0.0017343705519042851,0.07477711223391922,23,642,644558,0,1168,sequence
boxmot,boxmot_strongsort,completed,motchallenge_det,motchallenge_public_det,D:\AOC\agri-human-dataset-benchmark\2d-tracking\reports\runs\tracker_suite\_inputs\motchallenge\train\MOT20-05_motchallenge_det.json,D:\AOC\datasets\MOT20\train\MOT20-05\det\det.txt,D:\AOC\datasets\MOT20\train\MOT20-05\gt\gt.txt,D:\AOC\datasets\MOT20\train\MOT20-05\img1,,D:\AOC\agri-human-dataset-benchmark\2d-tracking\reports\runs\tracker_suite\MOT20-05_motchallenge_det\boxmot_strongsort_tracks.txt,D:\AOC\agri-human-dataset-benchmark\2d-tracking\reports\summary\tracker_suite\MOT20-05_motchallenge_det\boxmot_strongsort_runtime.json,D:\AOC\agri-human-dataset-benchmark\2d-tracking\reports\summary\tracker_suite\MOT20-05_motchallenge_det\boxmot_strongsort_metrics.csv,D:\AOC\agri-human-dataset-benchmark\2d-tracking\reports\summary\tracker_suite\MOT20-05_motchallenge_det\boxmot_strongsort_metrics.json,MOT20-05,MOT20,train,3315,165.61336140001094,49.95878171946031,20.016500915002748,"Per-frame tracking computation only; excludes frame disk I/O, MOT writing, rendering, rendered output writes, and MOT evaluation.",True,False,False,False,False,False,False,3315,0.00627849223810235,0.6422047244094489,0.0031546668647036255,0.7496062992125985,0.0036822496998502345,0.002402745287339303,0.07657781211472249,32,795,643964,0,1167,sequence
deepsort,deepsort,completed,motchallenge_det,motchallenge_public_det,D:\AOC\agri-human-dataset-benchmark\2d-tracking\reports\runs\tracker_suite\_inputs\motchallenge\train\MOT20-05_motchallenge_det.json,D:\AOC\datasets\MOT20\train\MOT20-05\det\det.txt,D:\AOC\datasets\MOT20\train\MOT20-05\gt\gt.txt,D:\AOC\datasets\MOT20\train\MOT20-05\img1,reports\runs\tracker_suite\_weights\mars-small128.pb,D:\AOC\agri-human-dataset-benchmark\2d-tracking\reports\runs\tracker_suite\MOT20-05_motchallenge_det\deepsort_tracks.txt,D:\AOC\agri-human-dataset-benchmark\2d-tracking\reports\summary\tracker_suite\MOT20-05_motchallenge_det\deepsort_runtime.json,D:\AOC\agri-human-dataset-benchmark\2d-tracking\reports\summary\tracker_suite\MOT20-05_motchallenge_det\deepsort_metrics.csv,D:\AOC\agri-human-dataset-benchmark\2d-tracking\reports\summary\tracker_suite\MOT20-05_motchallenge_det\deepsort_metrics.json,MOT20-05,MOT20,train,3315,14.918577299987192,4.500324977371702,222.20617511582998,"Per-frame tracking computation only; excludes frame disk I/O, MOT writing, rendering, rendered output writes, and MOT evaluation.",True,False,False,False,False,False,False,3315,0.007066605137671127,0.6115548455804047,0.003553835109477306,0.7633120340788072,0.004435718440954043,0.003009233473196926,0.1024225629714461,33,889,643477,0,1167,sequence
norfair,norfair,completed,motchallenge_det,motchallenge_public_det,D:\AOC\agri-human-dataset-benchmark\2d-tracking\reports\runs\tracker_suite\_inputs\motchallenge\train\MOT20-05_motchallenge_det.json,D:\AOC\datasets\MOT20\train\MOT20-05\det\det.txt,D:\AOC\datasets\MOT20\train\MOT20-05\gt\gt.txt,D:\AOC\datasets\MOT20\train\MOT20-05\img1,,D:\AOC\agri-human-dataset-benchmark\2d-tracking\reports\runs\tracker_suite\MOT20-05_motchallenge_det\norfair_tracks.txt,D:\AOC\agri-human-dataset-benchmark\2d-tracking\reports\summary\tracker_suite\MOT20-05_motchallenge_det\norfair_runtime.json,D:\AOC\agri-human-dataset-benchmark\2d-tracking\reports\summary\tracker_suite\MOT20-05_motchallenge_det\norfair_metrics.csv,D:\AOC\agri-human-dataset-benchmark\2d-tracking\reports\summary\tracker_suite\MOT20-05_motchallenge_det\norfair_metrics.json,MOT20-05,MOT20,train,3315,42.21052979999968,12.733191493212573,78.534906235648,"Per-frame tracking computation only; excludes frame disk I/O, MOT writing, rendering, rendered output writes, and MOT evaluation.",True,False,False,False,False,False,False,3315,0.4053196158474716,0.519721347466058,0.3321961679848502,0.89422241371381,0.5715702474224252,0.49874525020731997,0.14559606897531033,3370,43700,276913,291,221,sequence
